0,BY-AP-MW-1,d
1,BY-AP-MW-10,d
2,BY-AP-MW-10V,d
3,BY-AP-MW-11,d
4,BY-AP-MW-12,d
5,BY-AP-MW-12V,d
6,BY-AP-MW-13,d
7,BY-AP-MW-13V,d
8,BY-AP-MW-14,d
9,BY-AP-MW-14V,d
10,BY-AP-MW-15,d
11,BY-AP-MW-15V,d
12,BY-AP-MW-16,d
13,BY-AP-MW-16V,d
14,BY-AP-MW-17H,d
15,BY-AP-MW-17V,d
16,BY-AP-MW-18H,d
17,BY-AP-MW-19H,d
18,BY-AP-MW-1V,d
19,BY-AP-MW-2,d
20,BY-AP-MW-20H,d
21,BY-AP-MW-20V,d
22,BY-AP-MW-22H,d
23,BY-AP-MW-23H,d
24,BY-AP-MW-23V,d
25,BY-AP-MW-24H,d
26,BY-AP-MW-25H,d
27,BY-AP-MW-25VM,d
28,BY-AP-MW-3,d
29,BY-AP-MW-4,d
30,BY-AP-MW-5,d
31,BY-AP-MW-5V,d
32,BY-AP-MW-6,d
33,BY-AP-MW-7,d
34,BY-AP-MW-7V,d
35,BY-AP-MW-8,d
36,BY-AP-MW-8V,d
37,BY-AP-MW-9,d
38,BY-AP-PW-24,d
39,BY-AP-PW-25,d
40,BY-AP-PW-26,d
41,BY-UP-MW-1,u
42,BY-UP-MW-2,u
43,BY-UP-MW-3,u
44,BY-UP-MW-4,u
